name, start, end, time
Lucas, 0.1239881327, 0.421487126482, 0.3421976678
Avi, 0.1239881327, 0.421487126482, 0.3421976678
Andres, 0.1239881327, 0.421487126482, 0.3421976678
Marcelo, 0.1239881327, 0.421487126482, 0.3421976678
